path,change
/california/,added state AEO quick-answer section
/illinois/,added state AEO quick-answer section
/michigan/,added state AEO quick-answer section
/arizona/,added state AEO quick-answer section
/ohio/,added state AEO quick-answer section
/north-carolina/,added state AEO quick-answer section
/pennsylvania/,added state AEO quick-answer section
/georgia/,added state AEO quick-answer section
/arizona/chandler/,added city AEO quick-answer section
/arizona/glendale/,added city AEO quick-answer section
/arizona/mesa/,added city AEO quick-answer section
/arizona/peoria/,added city AEO quick-answer section
/arizona/phoenix/,added city AEO quick-answer section
/arizona/scottsdale/,added city AEO quick-answer section
/arizona/tempe/,added city AEO quick-answer section
/arizona/tucson/,added city AEO quick-answer section
/california/fresno/,added city AEO quick-answer section
/california/long-beach/,added city AEO quick-answer section
/california/los-angeles/,added city AEO quick-answer section
/california/oakland/,added city AEO quick-answer section
/california/sacramento/,added city AEO quick-answer section
/california/san-diego/,added city AEO quick-answer section
/california/san-francisco/,added city AEO quick-answer section
/california/san-jose/,added city AEO quick-answer section
/georgia/athens/,added city AEO quick-answer section
/georgia/atlanta/,added city AEO quick-answer section
/georgia/augusta/,added city AEO quick-answer section
/georgia/columbus/,added city AEO quick-answer section
/georgia/macon/,added city AEO quick-answer section
/georgia/roswell/,added city AEO quick-answer section
/georgia/sandy-springs/,added city AEO quick-answer section
/georgia/savannah/,added city AEO quick-answer section
/illinois/aurora/,added city AEO quick-answer section
/illinois/chicago/,added city AEO quick-answer section
/illinois/elgin/,added city AEO quick-answer section
/illinois/joliet/,added city AEO quick-answer section
/illinois/naperville/,added city AEO quick-answer section
/illinois/peoria/,added city AEO quick-answer section
/illinois/rockford/,added city AEO quick-answer section
/illinois/springfield/,added city AEO quick-answer section
/michigan/ann-arbor/,added city AEO quick-answer section
/michigan/dearborn/,added city AEO quick-answer section
/michigan/detroit/,added city AEO quick-answer section
/michigan/flint/,added city AEO quick-answer section
/michigan/grand-rapids/,added city AEO quick-answer section
/michigan/lansing/,added city AEO quick-answer section
/michigan/sterling-heights/,added city AEO quick-answer section
/michigan/warren/,added city AEO quick-answer section
/north-carolina/cary/,added city AEO quick-answer section
/north-carolina/charlotte/,added city AEO quick-answer section
/north-carolina/durham/,added city AEO quick-answer section
/north-carolina/fayetteville/,added city AEO quick-answer section
/north-carolina/greensboro/,added city AEO quick-answer section
/north-carolina/raleigh/,added city AEO quick-answer section
/north-carolina/wilmington/,added city AEO quick-answer section
/north-carolina/winston-salem/,added city AEO quick-answer section
/ohio/akron/,added city AEO quick-answer section
/ohio/canton/,added city AEO quick-answer section
/ohio/cincinnati/,added city AEO quick-answer section
/ohio/cleveland/,added city AEO quick-answer section
/ohio/columbus/,added city AEO quick-answer section
/ohio/dayton/,added city AEO quick-answer section
/ohio/parma/,added city AEO quick-answer section
/ohio/toledo/,added city AEO quick-answer section
/pennsylvania/allentown/,added city AEO quick-answer section
/pennsylvania/bethlehem/,added city AEO quick-answer section
/pennsylvania/erie/,added city AEO quick-answer section
/pennsylvania/lancaster/,added city AEO quick-answer section
/pennsylvania/philadelphia/,added city AEO quick-answer section
/pennsylvania/pittsburgh/,added city AEO quick-answer section
/pennsylvania/reading/,added city AEO quick-answer section
/pennsylvania/scranton/,added city AEO quick-answer section
/arizona/chandler/home-care/,added service AEO quick-answer section
/arizona/chandler/memory-care/,added service AEO quick-answer section
/arizona/chandler/ssdi/,added service AEO quick-answer section
/arizona/chandler/final-expense-support/,added service AEO quick-answer section
/arizona/chandler/assisted-living/,added service AEO quick-answer section
/arizona/chandler/elder-law/,added service AEO quick-answer section
/arizona/chandler/respite-care/,added service AEO quick-answer section
/arizona/glendale/home-care/,added service AEO quick-answer section
/arizona/glendale/memory-care/,added service AEO quick-answer section
/arizona/glendale/ssdi/,added service AEO quick-answer section
/arizona/glendale/final-expense-support/,added service AEO quick-answer section
/arizona/glendale/assisted-living/,added service AEO quick-answer section
/arizona/glendale/elder-law/,added service AEO quick-answer section
/arizona/glendale/respite-care/,added service AEO quick-answer section
/arizona/mesa/home-care/,added service AEO quick-answer section
/arizona/mesa/memory-care/,added service AEO quick-answer section
/arizona/mesa/ssdi/,added service AEO quick-answer section
/arizona/mesa/final-expense-support/,added service AEO quick-answer section
/arizona/mesa/assisted-living/,added service AEO quick-answer section
/arizona/mesa/elder-law/,added service AEO quick-answer section
/arizona/mesa/respite-care/,added service AEO quick-answer section
/arizona/peoria/home-care/,added service AEO quick-answer section
/arizona/peoria/memory-care/,added service AEO quick-answer section
/arizona/peoria/ssdi/,added service AEO quick-answer section
/arizona/peoria/final-expense-support/,added service AEO quick-answer section
/arizona/peoria/assisted-living/,added service AEO quick-answer section
/arizona/peoria/elder-law/,added service AEO quick-answer section
/arizona/peoria/respite-care/,added service AEO quick-answer section
/arizona/phoenix/home-care/,added service AEO quick-answer section
/arizona/phoenix/memory-care/,added service AEO quick-answer section
/arizona/phoenix/ssdi/,added service AEO quick-answer section
/arizona/phoenix/final-expense-support/,added service AEO quick-answer section
/arizona/phoenix/assisted-living/,added service AEO quick-answer section
/arizona/phoenix/elder-law/,added service AEO quick-answer section
/arizona/phoenix/respite-care/,added service AEO quick-answer section
/arizona/scottsdale/home-care/,added service AEO quick-answer section
/arizona/scottsdale/memory-care/,added service AEO quick-answer section
/arizona/scottsdale/ssdi/,added service AEO quick-answer section
/arizona/scottsdale/final-expense-support/,added service AEO quick-answer section
/arizona/scottsdale/assisted-living/,added service AEO quick-answer section
/arizona/scottsdale/elder-law/,added service AEO quick-answer section
/arizona/scottsdale/respite-care/,added service AEO quick-answer section
/arizona/tempe/home-care/,added service AEO quick-answer section
/arizona/tempe/memory-care/,added service AEO quick-answer section
/arizona/tempe/ssdi/,added service AEO quick-answer section
/arizona/tempe/final-expense-support/,added service AEO quick-answer section
/arizona/tempe/assisted-living/,added service AEO quick-answer section
/arizona/tempe/elder-law/,added service AEO quick-answer section
/arizona/tempe/respite-care/,added service AEO quick-answer section
/arizona/tucson/home-care/,added service AEO quick-answer section
/arizona/tucson/memory-care/,added service AEO quick-answer section
/arizona/tucson/ssdi/,added service AEO quick-answer section
/arizona/tucson/final-expense-support/,added service AEO quick-answer section
/arizona/tucson/assisted-living/,added service AEO quick-answer section
/arizona/tucson/elder-law/,added service AEO quick-answer section
/arizona/tucson/respite-care/,added service AEO quick-answer section
/california/fresno/home-care/,added service AEO quick-answer section
/california/fresno/memory-care/,added service AEO quick-answer section
/california/fresno/ssdi/,added service AEO quick-answer section
/california/fresno/final-expense-support/,added service AEO quick-answer section
/california/fresno/assisted-living/,added service AEO quick-answer section
/california/fresno/elder-law/,added service AEO quick-answer section
/california/fresno/respite-care/,added service AEO quick-answer section
/california/long-beach/home-care/,added service AEO quick-answer section
/california/long-beach/memory-care/,added service AEO quick-answer section
/california/long-beach/ssdi/,added service AEO quick-answer section
/california/long-beach/final-expense-support/,added service AEO quick-answer section
/california/long-beach/assisted-living/,added service AEO quick-answer section
/california/long-beach/elder-law/,added service AEO quick-answer section
/california/long-beach/respite-care/,added service AEO quick-answer section
/california/los-angeles/home-care/,added service AEO quick-answer section
/california/los-angeles/memory-care/,added service AEO quick-answer section
/california/los-angeles/ssdi/,added service AEO quick-answer section
/california/los-angeles/final-expense-support/,added service AEO quick-answer section
/california/los-angeles/assisted-living/,added service AEO quick-answer section
/california/los-angeles/elder-law/,added service AEO quick-answer section
/california/los-angeles/respite-care/,added service AEO quick-answer section
/california/oakland/home-care/,added service AEO quick-answer section
/california/oakland/memory-care/,added service AEO quick-answer section
/california/oakland/ssdi/,added service AEO quick-answer section
/california/oakland/final-expense-support/,added service AEO quick-answer section
/california/oakland/assisted-living/,added service AEO quick-answer section
/california/oakland/elder-law/,added service AEO quick-answer section
/california/oakland/respite-care/,added service AEO quick-answer section
/california/sacramento/home-care/,added service AEO quick-answer section
/california/sacramento/memory-care/,added service AEO quick-answer section
/california/sacramento/ssdi/,added service AEO quick-answer section
/california/sacramento/final-expense-support/,added service AEO quick-answer section
/california/sacramento/assisted-living/,added service AEO quick-answer section
/california/sacramento/elder-law/,added service AEO quick-answer section
/california/sacramento/respite-care/,added service AEO quick-answer section
/california/san-diego/home-care/,added service AEO quick-answer section
/california/san-diego/memory-care/,added service AEO quick-answer section
/california/san-diego/ssdi/,added service AEO quick-answer section
/california/san-diego/final-expense-support/,added service AEO quick-answer section
/california/san-diego/assisted-living/,added service AEO quick-answer section
/california/san-diego/elder-law/,added service AEO quick-answer section
/california/san-diego/respite-care/,added service AEO quick-answer section
/california/san-francisco/home-care/,added service AEO quick-answer section
/california/san-francisco/memory-care/,added service AEO quick-answer section
/california/san-francisco/ssdi/,added service AEO quick-answer section
/california/san-francisco/final-expense-support/,added service AEO quick-answer section
/california/san-francisco/assisted-living/,added service AEO quick-answer section
/california/san-francisco/elder-law/,added service AEO quick-answer section
/california/san-francisco/respite-care/,added service AEO quick-answer section
/california/san-jose/home-care/,added service AEO quick-answer section
/california/san-jose/memory-care/,added service AEO quick-answer section
/california/san-jose/ssdi/,added service AEO quick-answer section
/california/san-jose/final-expense-support/,added service AEO quick-answer section
/california/san-jose/assisted-living/,added service AEO quick-answer section
/california/san-jose/elder-law/,added service AEO quick-answer section
/california/san-jose/respite-care/,added service AEO quick-answer section
/georgia/athens/home-care/,added service AEO quick-answer section
/georgia/athens/memory-care/,added service AEO quick-answer section
/georgia/athens/ssdi/,added service AEO quick-answer section
/georgia/athens/final-expense-support/,added service AEO quick-answer section
/georgia/athens/assisted-living/,added service AEO quick-answer section
/georgia/athens/elder-law/,added service AEO quick-answer section
/georgia/athens/respite-care/,added service AEO quick-answer section
/georgia/atlanta/home-care/,added service AEO quick-answer section
/georgia/atlanta/memory-care/,added service AEO quick-answer section
/georgia/atlanta/ssdi/,added service AEO quick-answer section
/georgia/atlanta/final-expense-support/,added service AEO quick-answer section
/georgia/atlanta/assisted-living/,added service AEO quick-answer section
/georgia/atlanta/elder-law/,added service AEO quick-answer section
/georgia/atlanta/respite-care/,added service AEO quick-answer section
/georgia/augusta/home-care/,added service AEO quick-answer section
/georgia/augusta/memory-care/,added service AEO quick-answer section
/georgia/augusta/ssdi/,added service AEO quick-answer section
/georgia/augusta/final-expense-support/,added service AEO quick-answer section
/georgia/augusta/assisted-living/,added service AEO quick-answer section
/georgia/augusta/elder-law/,added service AEO quick-answer section
/georgia/augusta/respite-care/,added service AEO quick-answer section
/georgia/columbus/home-care/,added service AEO quick-answer section
/georgia/columbus/memory-care/,added service AEO quick-answer section
/georgia/columbus/ssdi/,added service AEO quick-answer section
/georgia/columbus/final-expense-support/,added service AEO quick-answer section
/georgia/columbus/assisted-living/,added service AEO quick-answer section
/georgia/columbus/elder-law/,added service AEO quick-answer section
/georgia/columbus/respite-care/,added service AEO quick-answer section
/georgia/macon/home-care/,added service AEO quick-answer section
/georgia/macon/memory-care/,added service AEO quick-answer section
/georgia/macon/ssdi/,added service AEO quick-answer section
/georgia/macon/final-expense-support/,added service AEO quick-answer section
/georgia/macon/assisted-living/,added service AEO quick-answer section
/georgia/macon/elder-law/,added service AEO quick-answer section
/georgia/macon/respite-care/,added service AEO quick-answer section
/georgia/roswell/home-care/,added service AEO quick-answer section
/georgia/roswell/memory-care/,added service AEO quick-answer section
/georgia/roswell/ssdi/,added service AEO quick-answer section
/georgia/roswell/final-expense-support/,added service AEO quick-answer section
/georgia/roswell/assisted-living/,added service AEO quick-answer section
/georgia/roswell/elder-law/,added service AEO quick-answer section
/georgia/roswell/respite-care/,added service AEO quick-answer section
/georgia/sandy-springs/home-care/,added service AEO quick-answer section
/georgia/sandy-springs/memory-care/,added service AEO quick-answer section
/georgia/sandy-springs/ssdi/,added service AEO quick-answer section
/georgia/sandy-springs/final-expense-support/,added service AEO quick-answer section
/georgia/sandy-springs/assisted-living/,added service AEO quick-answer section
/georgia/sandy-springs/elder-law/,added service AEO quick-answer section
/georgia/sandy-springs/respite-care/,added service AEO quick-answer section
/georgia/savannah/home-care/,added service AEO quick-answer section
/georgia/savannah/memory-care/,added service AEO quick-answer section
/georgia/savannah/ssdi/,added service AEO quick-answer section
/georgia/savannah/final-expense-support/,added service AEO quick-answer section
/georgia/savannah/assisted-living/,added service AEO quick-answer section
/georgia/savannah/elder-law/,added service AEO quick-answer section
/georgia/savannah/respite-care/,added service AEO quick-answer section
/illinois/aurora/home-care/,added service AEO quick-answer section
/illinois/aurora/memory-care/,added service AEO quick-answer section
/illinois/aurora/ssdi/,added service AEO quick-answer section
/illinois/aurora/final-expense-support/,added service AEO quick-answer section
/illinois/aurora/assisted-living/,added service AEO quick-answer section
/illinois/aurora/elder-law/,added service AEO quick-answer section
/illinois/aurora/respite-care/,added service AEO quick-answer section
/illinois/chicago/home-care/,added service AEO quick-answer section
/illinois/chicago/memory-care/,added service AEO quick-answer section
/illinois/chicago/ssdi/,added service AEO quick-answer section
/illinois/chicago/final-expense-support/,added service AEO quick-answer section
/illinois/chicago/assisted-living/,added service AEO quick-answer section
/illinois/chicago/elder-law/,added service AEO quick-answer section
/illinois/chicago/respite-care/,added service AEO quick-answer section
/illinois/elgin/home-care/,added service AEO quick-answer section
/illinois/elgin/memory-care/,added service AEO quick-answer section
/illinois/elgin/ssdi/,added service AEO quick-answer section
/illinois/elgin/final-expense-support/,added service AEO quick-answer section
/illinois/elgin/assisted-living/,added service AEO quick-answer section
/illinois/elgin/elder-law/,added service AEO quick-answer section
/illinois/elgin/respite-care/,added service AEO quick-answer section
/illinois/joliet/home-care/,added service AEO quick-answer section
/illinois/joliet/memory-care/,added service AEO quick-answer section
/illinois/joliet/ssdi/,added service AEO quick-answer section
/illinois/joliet/final-expense-support/,added service AEO quick-answer section
/illinois/joliet/assisted-living/,added service AEO quick-answer section
/illinois/joliet/elder-law/,added service AEO quick-answer section
/illinois/joliet/respite-care/,added service AEO quick-answer section
/illinois/naperville/home-care/,added service AEO quick-answer section
/illinois/naperville/memory-care/,added service AEO quick-answer section
/illinois/naperville/ssdi/,added service AEO quick-answer section
/illinois/naperville/final-expense-support/,added service AEO quick-answer section
/illinois/naperville/assisted-living/,added service AEO quick-answer section
/illinois/naperville/elder-law/,added service AEO quick-answer section
/illinois/naperville/respite-care/,added service AEO quick-answer section
/illinois/peoria/home-care/,added service AEO quick-answer section
/illinois/peoria/memory-care/,added service AEO quick-answer section
/illinois/peoria/ssdi/,added service AEO quick-answer section
/illinois/peoria/final-expense-support/,added service AEO quick-answer section
/illinois/peoria/assisted-living/,added service AEO quick-answer section
/illinois/peoria/elder-law/,added service AEO quick-answer section
/illinois/peoria/respite-care/,added service AEO quick-answer section
/illinois/rockford/home-care/,added service AEO quick-answer section
/illinois/rockford/memory-care/,added service AEO quick-answer section
/illinois/rockford/ssdi/,added service AEO quick-answer section
/illinois/rockford/final-expense-support/,added service AEO quick-answer section
/illinois/rockford/assisted-living/,added service AEO quick-answer section
/illinois/rockford/elder-law/,added service AEO quick-answer section
/illinois/rockford/respite-care/,added service AEO quick-answer section
/illinois/springfield/home-care/,added service AEO quick-answer section
/illinois/springfield/memory-care/,added service AEO quick-answer section
/illinois/springfield/ssdi/,added service AEO quick-answer section
/illinois/springfield/final-expense-support/,added service AEO quick-answer section
/illinois/springfield/assisted-living/,added service AEO quick-answer section
/illinois/springfield/elder-law/,added service AEO quick-answer section
/illinois/springfield/respite-care/,added service AEO quick-answer section
/michigan/ann-arbor/home-care/,added service AEO quick-answer section
/michigan/ann-arbor/memory-care/,added service AEO quick-answer section
/michigan/ann-arbor/ssdi/,added service AEO quick-answer section
/michigan/ann-arbor/final-expense-support/,added service AEO quick-answer section
/michigan/ann-arbor/assisted-living/,added service AEO quick-answer section
/michigan/ann-arbor/elder-law/,added service AEO quick-answer section
/michigan/ann-arbor/respite-care/,added service AEO quick-answer section
/michigan/dearborn/home-care/,added service AEO quick-answer section
/michigan/dearborn/memory-care/,added service AEO quick-answer section
/michigan/dearborn/ssdi/,added service AEO quick-answer section
/michigan/dearborn/final-expense-support/,added service AEO quick-answer section
/michigan/dearborn/assisted-living/,added service AEO quick-answer section
/michigan/dearborn/elder-law/,added service AEO quick-answer section
/michigan/dearborn/respite-care/,added service AEO quick-answer section
/michigan/detroit/home-care/,added service AEO quick-answer section
/michigan/detroit/memory-care/,added service AEO quick-answer section
/michigan/detroit/ssdi/,added service AEO quick-answer section
/michigan/detroit/final-expense-support/,added service AEO quick-answer section
/michigan/detroit/assisted-living/,added service AEO quick-answer section
/michigan/detroit/elder-law/,added service AEO quick-answer section
/michigan/detroit/respite-care/,added service AEO quick-answer section
/michigan/flint/home-care/,added service AEO quick-answer section
/michigan/flint/memory-care/,added service AEO quick-answer section
/michigan/flint/ssdi/,added service AEO quick-answer section
/michigan/flint/final-expense-support/,added service AEO quick-answer section
/michigan/flint/assisted-living/,added service AEO quick-answer section
/michigan/flint/elder-law/,added service AEO quick-answer section
/michigan/flint/respite-care/,added service AEO quick-answer section
/michigan/grand-rapids/home-care/,added service AEO quick-answer section
/michigan/grand-rapids/memory-care/,added service AEO quick-answer section
/michigan/grand-rapids/ssdi/,added service AEO quick-answer section
/michigan/grand-rapids/final-expense-support/,added service AEO quick-answer section
/michigan/grand-rapids/assisted-living/,added service AEO quick-answer section
/michigan/grand-rapids/elder-law/,added service AEO quick-answer section
/michigan/grand-rapids/respite-care/,added service AEO quick-answer section
/michigan/lansing/home-care/,added service AEO quick-answer section
/michigan/lansing/memory-care/,added service AEO quick-answer section
/michigan/lansing/ssdi/,added service AEO quick-answer section
/michigan/lansing/final-expense-support/,added service AEO quick-answer section
/michigan/lansing/assisted-living/,added service AEO quick-answer section
/michigan/lansing/elder-law/,added service AEO quick-answer section
/michigan/lansing/respite-care/,added service AEO quick-answer section
/michigan/sterling-heights/home-care/,added service AEO quick-answer section
/michigan/sterling-heights/memory-care/,added service AEO quick-answer section
/michigan/sterling-heights/ssdi/,added service AEO quick-answer section
/michigan/sterling-heights/final-expense-support/,added service AEO quick-answer section
/michigan/sterling-heights/assisted-living/,added service AEO quick-answer section
/michigan/sterling-heights/elder-law/,added service AEO quick-answer section
/michigan/sterling-heights/respite-care/,added service AEO quick-answer section
/michigan/warren/home-care/,added service AEO quick-answer section
/michigan/warren/memory-care/,added service AEO quick-answer section
/michigan/warren/ssdi/,added service AEO quick-answer section
/michigan/warren/final-expense-support/,added service AEO quick-answer section
/michigan/warren/assisted-living/,added service AEO quick-answer section
/michigan/warren/elder-law/,added service AEO quick-answer section
/michigan/warren/respite-care/,added service AEO quick-answer section
/north-carolina/cary/home-care/,added service AEO quick-answer section
/north-carolina/cary/memory-care/,added service AEO quick-answer section
/north-carolina/cary/ssdi/,added service AEO quick-answer section
/north-carolina/cary/final-expense-support/,added service AEO quick-answer section
/north-carolina/cary/assisted-living/,added service AEO quick-answer section
/north-carolina/cary/elder-law/,added service AEO quick-answer section
/north-carolina/cary/respite-care/,added service AEO quick-answer section
/north-carolina/charlotte/home-care/,added service AEO quick-answer section
/north-carolina/charlotte/memory-care/,added service AEO quick-answer section
/north-carolina/charlotte/ssdi/,added service AEO quick-answer section
/north-carolina/charlotte/final-expense-support/,added service AEO quick-answer section
/north-carolina/charlotte/assisted-living/,added service AEO quick-answer section
/north-carolina/charlotte/elder-law/,added service AEO quick-answer section
/north-carolina/charlotte/respite-care/,added service AEO quick-answer section
/north-carolina/durham/home-care/,added service AEO quick-answer section
/north-carolina/durham/memory-care/,added service AEO quick-answer section
/north-carolina/durham/ssdi/,added service AEO quick-answer section
/north-carolina/durham/final-expense-support/,added service AEO quick-answer section
/north-carolina/durham/assisted-living/,added service AEO quick-answer section
/north-carolina/durham/elder-law/,added service AEO quick-answer section
/north-carolina/durham/respite-care/,added service AEO quick-answer section
/north-carolina/fayetteville/home-care/,added service AEO quick-answer section
/north-carolina/fayetteville/memory-care/,added service AEO quick-answer section
/north-carolina/fayetteville/ssdi/,added service AEO quick-answer section
/north-carolina/fayetteville/final-expense-support/,added service AEO quick-answer section
/north-carolina/fayetteville/assisted-living/,added service AEO quick-answer section
/north-carolina/fayetteville/elder-law/,added service AEO quick-answer section
/north-carolina/fayetteville/respite-care/,added service AEO quick-answer section
/north-carolina/greensboro/home-care/,added service AEO quick-answer section
/north-carolina/greensboro/memory-care/,added service AEO quick-answer section
/north-carolina/greensboro/ssdi/,added service AEO quick-answer section
/north-carolina/greensboro/final-expense-support/,added service AEO quick-answer section
/north-carolina/greensboro/assisted-living/,added service AEO quick-answer section
/north-carolina/greensboro/elder-law/,added service AEO quick-answer section
/north-carolina/greensboro/respite-care/,added service AEO quick-answer section
/north-carolina/raleigh/home-care/,added service AEO quick-answer section
/north-carolina/raleigh/memory-care/,added service AEO quick-answer section
/north-carolina/raleigh/ssdi/,added service AEO quick-answer section
/north-carolina/raleigh/final-expense-support/,added service AEO quick-answer section
/north-carolina/raleigh/assisted-living/,added service AEO quick-answer section
/north-carolina/raleigh/elder-law/,added service AEO quick-answer section
/north-carolina/raleigh/respite-care/,added service AEO quick-answer section
/north-carolina/wilmington/home-care/,added service AEO quick-answer section
/north-carolina/wilmington/memory-care/,added service AEO quick-answer section
/north-carolina/wilmington/ssdi/,added service AEO quick-answer section
/north-carolina/wilmington/final-expense-support/,added service AEO quick-answer section
/north-carolina/wilmington/assisted-living/,added service AEO quick-answer section
/north-carolina/wilmington/elder-law/,added service AEO quick-answer section
/north-carolina/wilmington/respite-care/,added service AEO quick-answer section
/north-carolina/winston-salem/home-care/,added service AEO quick-answer section
/north-carolina/winston-salem/memory-care/,added service AEO quick-answer section
/north-carolina/winston-salem/ssdi/,added service AEO quick-answer section
/north-carolina/winston-salem/final-expense-support/,added service AEO quick-answer section
/north-carolina/winston-salem/assisted-living/,added service AEO quick-answer section
/north-carolina/winston-salem/elder-law/,added service AEO quick-answer section
/north-carolina/winston-salem/respite-care/,added service AEO quick-answer section
/ohio/akron/home-care/,added service AEO quick-answer section
/ohio/akron/memory-care/,added service AEO quick-answer section
/ohio/akron/ssdi/,added service AEO quick-answer section
/ohio/akron/final-expense-support/,added service AEO quick-answer section
/ohio/akron/assisted-living/,added service AEO quick-answer section
/ohio/akron/elder-law/,added service AEO quick-answer section
/ohio/akron/respite-care/,added service AEO quick-answer section
/ohio/canton/home-care/,added service AEO quick-answer section
/ohio/canton/memory-care/,added service AEO quick-answer section
/ohio/canton/ssdi/,added service AEO quick-answer section
/ohio/canton/final-expense-support/,added service AEO quick-answer section
/ohio/canton/assisted-living/,added service AEO quick-answer section
/ohio/canton/elder-law/,added service AEO quick-answer section
/ohio/canton/respite-care/,added service AEO quick-answer section
/ohio/cincinnati/home-care/,added service AEO quick-answer section
/ohio/cincinnati/memory-care/,added service AEO quick-answer section
/ohio/cincinnati/ssdi/,added service AEO quick-answer section
/ohio/cincinnati/final-expense-support/,added service AEO quick-answer section
/ohio/cincinnati/assisted-living/,added service AEO quick-answer section
/ohio/cincinnati/elder-law/,added service AEO quick-answer section
/ohio/cincinnati/respite-care/,added service AEO quick-answer section
/ohio/cleveland/home-care/,added service AEO quick-answer section
/ohio/cleveland/memory-care/,added service AEO quick-answer section
/ohio/cleveland/ssdi/,added service AEO quick-answer section
/ohio/cleveland/final-expense-support/,added service AEO quick-answer section
/ohio/cleveland/assisted-living/,added service AEO quick-answer section
/ohio/cleveland/elder-law/,added service AEO quick-answer section
/ohio/cleveland/respite-care/,added service AEO quick-answer section
/ohio/columbus/home-care/,added service AEO quick-answer section
/ohio/columbus/memory-care/,added service AEO quick-answer section
/ohio/columbus/ssdi/,added service AEO quick-answer section
/ohio/columbus/final-expense-support/,added service AEO quick-answer section
/ohio/columbus/assisted-living/,added service AEO quick-answer section
/ohio/columbus/elder-law/,added service AEO quick-answer section
/ohio/columbus/respite-care/,added service AEO quick-answer section
/ohio/dayton/home-care/,added service AEO quick-answer section
/ohio/dayton/memory-care/,added service AEO quick-answer section
/ohio/dayton/ssdi/,added service AEO quick-answer section
/ohio/dayton/final-expense-support/,added service AEO quick-answer section
/ohio/dayton/assisted-living/,added service AEO quick-answer section
/ohio/dayton/elder-law/,added service AEO quick-answer section
/ohio/dayton/respite-care/,added service AEO quick-answer section
/ohio/parma/home-care/,added service AEO quick-answer section
/ohio/parma/memory-care/,added service AEO quick-answer section
/ohio/parma/ssdi/,added service AEO quick-answer section
/ohio/parma/final-expense-support/,added service AEO quick-answer section
/ohio/parma/assisted-living/,added service AEO quick-answer section
/ohio/parma/elder-law/,added service AEO quick-answer section
/ohio/parma/respite-care/,added service AEO quick-answer section
/ohio/toledo/home-care/,added service AEO quick-answer section
/ohio/toledo/memory-care/,added service AEO quick-answer section
/ohio/toledo/ssdi/,added service AEO quick-answer section
/ohio/toledo/final-expense-support/,added service AEO quick-answer section
/ohio/toledo/assisted-living/,added service AEO quick-answer section
/ohio/toledo/elder-law/,added service AEO quick-answer section
/ohio/toledo/respite-care/,added service AEO quick-answer section
/pennsylvania/allentown/home-care/,added service AEO quick-answer section
/pennsylvania/allentown/memory-care/,added service AEO quick-answer section
/pennsylvania/allentown/ssdi/,added service AEO quick-answer section
/pennsylvania/allentown/final-expense-support/,added service AEO quick-answer section
/pennsylvania/allentown/assisted-living/,added service AEO quick-answer section
/pennsylvania/allentown/elder-law/,added service AEO quick-answer section
/pennsylvania/allentown/respite-care/,added service AEO quick-answer section
/pennsylvania/bethlehem/home-care/,added service AEO quick-answer section
/pennsylvania/bethlehem/memory-care/,added service AEO quick-answer section
/pennsylvania/bethlehem/ssdi/,added service AEO quick-answer section
/pennsylvania/bethlehem/final-expense-support/,added service AEO quick-answer section
/pennsylvania/bethlehem/assisted-living/,added service AEO quick-answer section
/pennsylvania/bethlehem/elder-law/,added service AEO quick-answer section
/pennsylvania/bethlehem/respite-care/,added service AEO quick-answer section
/pennsylvania/erie/home-care/,added service AEO quick-answer section
/pennsylvania/erie/memory-care/,added service AEO quick-answer section
/pennsylvania/erie/ssdi/,added service AEO quick-answer section
/pennsylvania/erie/final-expense-support/,added service AEO quick-answer section
/pennsylvania/erie/assisted-living/,added service AEO quick-answer section
/pennsylvania/erie/elder-law/,added service AEO quick-answer section
/pennsylvania/erie/respite-care/,added service AEO quick-answer section
/pennsylvania/lancaster/home-care/,added service AEO quick-answer section
/pennsylvania/lancaster/memory-care/,added service AEO quick-answer section
/pennsylvania/lancaster/ssdi/,added service AEO quick-answer section
/pennsylvania/lancaster/final-expense-support/,added service AEO quick-answer section
/pennsylvania/lancaster/assisted-living/,added service AEO quick-answer section
/pennsylvania/lancaster/elder-law/,added service AEO quick-answer section
/pennsylvania/lancaster/respite-care/,added service AEO quick-answer section
/pennsylvania/philadelphia/home-care/,added service AEO quick-answer section
/pennsylvania/philadelphia/memory-care/,added service AEO quick-answer section
/pennsylvania/philadelphia/ssdi/,added service AEO quick-answer section
/pennsylvania/philadelphia/final-expense-support/,added service AEO quick-answer section
/pennsylvania/philadelphia/assisted-living/,added service AEO quick-answer section
/pennsylvania/philadelphia/elder-law/,added service AEO quick-answer section
/pennsylvania/philadelphia/respite-care/,added service AEO quick-answer section
/pennsylvania/pittsburgh/home-care/,added service AEO quick-answer section
/pennsylvania/pittsburgh/memory-care/,added service AEO quick-answer section
/pennsylvania/pittsburgh/ssdi/,added service AEO quick-answer section
/pennsylvania/pittsburgh/final-expense-support/,added service AEO quick-answer section
/pennsylvania/pittsburgh/assisted-living/,added service AEO quick-answer section
/pennsylvania/pittsburgh/elder-law/,added service AEO quick-answer section
/pennsylvania/pittsburgh/respite-care/,added service AEO quick-answer section
/pennsylvania/reading/home-care/,added service AEO quick-answer section
/pennsylvania/reading/memory-care/,added service AEO quick-answer section
/pennsylvania/reading/ssdi/,added service AEO quick-answer section
/pennsylvania/reading/final-expense-support/,added service AEO quick-answer section
/pennsylvania/reading/assisted-living/,added service AEO quick-answer section
/pennsylvania/reading/elder-law/,added service AEO quick-answer section
/pennsylvania/reading/respite-care/,added service AEO quick-answer section
/pennsylvania/scranton/home-care/,added service AEO quick-answer section
/pennsylvania/scranton/memory-care/,added service AEO quick-answer section
/pennsylvania/scranton/ssdi/,added service AEO quick-answer section
/pennsylvania/scranton/final-expense-support/,added service AEO quick-answer section
/pennsylvania/scranton/assisted-living/,added service AEO quick-answer section
/pennsylvania/scranton/elder-law/,added service AEO quick-answer section
/pennsylvania/scranton/respite-care/,added service AEO quick-answer section
/arizona/chandler/ssdi/,added SSDI decision guide + FAQ expansion
/arizona/glendale/ssdi/,added SSDI decision guide + FAQ expansion
/arizona/mesa/ssdi/,added SSDI decision guide + FAQ expansion
/arizona/peoria/ssdi/,added SSDI decision guide + FAQ expansion
/arizona/phoenix/ssdi/,added SSDI decision guide + FAQ expansion
/arizona/scottsdale/ssdi/,added SSDI decision guide + FAQ expansion
/arizona/tempe/ssdi/,added SSDI decision guide + FAQ expansion
/arizona/tucson/ssdi/,added SSDI decision guide + FAQ expansion
/california/fresno/ssdi/,added SSDI decision guide + FAQ expansion
/california/long-beach/ssdi/,added SSDI decision guide + FAQ expansion
/california/los-angeles/ssdi/,added SSDI decision guide + FAQ expansion
/california/oakland/ssdi/,added SSDI decision guide + FAQ expansion
/california/sacramento/ssdi/,added SSDI decision guide + FAQ expansion
/california/san-diego/ssdi/,added SSDI decision guide + FAQ expansion
/california/san-francisco/ssdi/,added SSDI decision guide + FAQ expansion
/california/san-jose/ssdi/,added SSDI decision guide + FAQ expansion
/georgia/athens/ssdi/,added SSDI decision guide + FAQ expansion
/georgia/atlanta/ssdi/,added SSDI decision guide + FAQ expansion
/georgia/augusta/ssdi/,added SSDI decision guide + FAQ expansion
/georgia/columbus/ssdi/,added SSDI decision guide + FAQ expansion
/georgia/macon/ssdi/,added SSDI decision guide + FAQ expansion
/georgia/roswell/ssdi/,added SSDI decision guide + FAQ expansion
/georgia/sandy-springs/ssdi/,added SSDI decision guide + FAQ expansion
/georgia/savannah/ssdi/,added SSDI decision guide + FAQ expansion
/illinois/aurora/ssdi/,added SSDI decision guide + FAQ expansion
/illinois/chicago/ssdi/,added SSDI decision guide + FAQ expansion
/illinois/elgin/ssdi/,added SSDI decision guide + FAQ expansion
/illinois/joliet/ssdi/,added SSDI decision guide + FAQ expansion
/illinois/naperville/ssdi/,added SSDI decision guide + FAQ expansion
/illinois/peoria/ssdi/,added SSDI decision guide + FAQ expansion
/illinois/rockford/ssdi/,added SSDI decision guide + FAQ expansion
/illinois/springfield/ssdi/,added SSDI decision guide + FAQ expansion
/michigan/ann-arbor/ssdi/,added SSDI decision guide + FAQ expansion
/michigan/dearborn/ssdi/,added SSDI decision guide + FAQ expansion
/michigan/detroit/ssdi/,added SSDI decision guide + FAQ expansion
/michigan/flint/ssdi/,added SSDI decision guide + FAQ expansion
/michigan/grand-rapids/ssdi/,added SSDI decision guide + FAQ expansion
/michigan/lansing/ssdi/,added SSDI decision guide + FAQ expansion
/michigan/sterling-heights/ssdi/,added SSDI decision guide + FAQ expansion
/michigan/warren/ssdi/,added SSDI decision guide + FAQ expansion
/north-carolina/cary/ssdi/,added SSDI decision guide + FAQ expansion
/north-carolina/charlotte/ssdi/,added SSDI decision guide + FAQ expansion
/north-carolina/durham/ssdi/,added SSDI decision guide + FAQ expansion
/north-carolina/fayetteville/ssdi/,added SSDI decision guide + FAQ expansion
/north-carolina/greensboro/ssdi/,added SSDI decision guide + FAQ expansion
/north-carolina/raleigh/ssdi/,added SSDI decision guide + FAQ expansion
/north-carolina/wilmington/ssdi/,added SSDI decision guide + FAQ expansion
/north-carolina/winston-salem/ssdi/,added SSDI decision guide + FAQ expansion
/ohio/akron/ssdi/,added SSDI decision guide + FAQ expansion
/ohio/canton/ssdi/,added SSDI decision guide + FAQ expansion
/ohio/cincinnati/ssdi/,added SSDI decision guide + FAQ expansion
/ohio/cleveland/ssdi/,added SSDI decision guide + FAQ expansion
/ohio/columbus/ssdi/,added SSDI decision guide + FAQ expansion
/ohio/dayton/ssdi/,added SSDI decision guide + FAQ expansion
/ohio/parma/ssdi/,added SSDI decision guide + FAQ expansion
/ohio/toledo/ssdi/,added SSDI decision guide + FAQ expansion
/pennsylvania/allentown/ssdi/,added SSDI decision guide + FAQ expansion
/pennsylvania/bethlehem/ssdi/,added SSDI decision guide + FAQ expansion
/pennsylvania/erie/ssdi/,added SSDI decision guide + FAQ expansion
/pennsylvania/lancaster/ssdi/,added SSDI decision guide + FAQ expansion
/pennsylvania/philadelphia/ssdi/,added SSDI decision guide + FAQ expansion
/pennsylvania/pittsburgh/ssdi/,added SSDI decision guide + FAQ expansion
/pennsylvania/reading/ssdi/,added SSDI decision guide + FAQ expansion
/pennsylvania/scranton/ssdi/,added SSDI decision guide + FAQ expansion
