path,page_type,change
florida/boca-raton/ssdi/index.html,ssdi,added SSDI decision guide + FAQ AEO expansion
florida/delray-beach/ssdi/index.html,ssdi,added SSDI decision guide + FAQ AEO expansion
florida/fort-lauderdale/ssdi/index.html,ssdi,added SSDI decision guide + FAQ AEO expansion
florida/jacksonville/ssdi/index.html,ssdi,added SSDI decision guide + FAQ AEO expansion
florida/miami/ssdi/index.html,ssdi,added SSDI decision guide + FAQ AEO expansion
florida/orlando/ssdi/index.html,ssdi,added SSDI decision guide + FAQ AEO expansion
florida/tampa/ssdi/index.html,ssdi,added SSDI decision guide + FAQ AEO expansion
florida/west-palm-beach/ssdi/index.html,ssdi,added SSDI decision guide + FAQ AEO expansion
new-jersey/edison/ssdi/index.html,ssdi,added SSDI decision guide + FAQ AEO expansion
new-jersey/hoboken/ssdi/index.html,ssdi,added SSDI decision guide + FAQ AEO expansion
new-jersey/jersey-city/ssdi/index.html,ssdi,added SSDI decision guide + FAQ AEO expansion
new-jersey/newark/ssdi/index.html,ssdi,added SSDI decision guide + FAQ AEO expansion
new-jersey/toms-river/ssdi/index.html,ssdi,added SSDI decision guide + FAQ AEO expansion
new-jersey/trenton/ssdi/index.html,ssdi,added SSDI decision guide + FAQ AEO expansion
new-york/brooklyn/ssdi/index.html,ssdi,added SSDI decision guide + FAQ AEO expansion
new-york/long-island/ssdi/index.html,ssdi,added SSDI decision guide + FAQ AEO expansion
new-york/new-york-city/ssdi/index.html,ssdi,added SSDI decision guide + FAQ AEO expansion
new-york/queens/ssdi/index.html,ssdi,added SSDI decision guide + FAQ AEO expansion
new-york/staten-island/ssdi/index.html,ssdi,added SSDI decision guide + FAQ AEO expansion
texas/austin/ssdi/index.html,ssdi,added SSDI decision guide + FAQ AEO expansion
texas/dallas/ssdi/index.html,ssdi,added SSDI decision guide + FAQ AEO expansion
texas/fort-worth/ssdi/index.html,ssdi,added SSDI decision guide + FAQ AEO expansion
texas/houston/ssdi/index.html,ssdi,added SSDI decision guide + FAQ AEO expansion
texas/san-antonio/ssdi/index.html,ssdi,added SSDI decision guide + FAQ AEO expansion
